OrderId,Return_reason
OR-032907,Changed mind
OR-116664,Damaged item
OR-026364,Item not as described
OR-047279,Delayed delivery
OR-000682,No longer needed
OR-007398,Item not as described
OR-118284,Item not as described
OR-001731,Better price found elsewhere
OR-106370,Item not as described
OR-065950,Better price found elsewhere
OR-002043,Delayed delivery
OR-118138,No longer needed
OR-117018,Incorrect item shipped
OR-102468,Damaged item
OR-065816,No longer needed
OR-068583,Item not as described
OR-032525,Poor customer service
OR-123573,No longer needed
OR-012658,Changed mind
OR-030644,Received wrong quantity
OR-104821,Delayed delivery
OR-043987,Damaged item
OR-000373,Item not as described
OR-125066,Delayed delivery
OR-118201,Changed mind
OR-103886,Incorrect item shipped
OR-028972,Item not as described
OR-124653,Damaged item
OR-006513,Received wrong quantity
OR-030618,Better price found elsewhere
OR-013182,No longer needed
OR-102387,Better price found elsewhere
OR-103281,No longer needed
OR-043921,Incorrect item shipped
OR-034180,Received wrong quantity
OR-100766,Changed mind
OR-014159,Poor customer service
OR-089159,Incorrect item shipped
OR-117879,Poor customer service
OR-000962,Damaged item
OR-110930,Incorrect item shipped
OR-028151,Delayed delivery
OR-029836,Incorrect item shipped
OR-069861,Item not as described
OR-002732,Delayed delivery
OR-093492,Item not as described
OR-003479,Incorrect item shipped
OR-102228,Item not as described
OR-034733,Damaged item
OR-094984,Item not as described
OR-072845,Poor customer service
OR-079053,No longer needed
OR-037531,Changed mind
OR-117207,Received wrong quantity
OR-067938,Changed mind
OR-064997,Delayed delivery
OR-003619,Better price found elsewhere
OR-119331,Poor customer service
OR-075139,Incorrect item shipped
OR-081858,Delayed delivery
OR-096560,Received wrong quantity
OR-034807,Incorrect item shipped
OR-098527,Received wrong quantity
OR-119240,Item not as described
OR-020998,Incorrect item shipped
OR-002245,Incorrect item shipped
OR-077014,Delayed delivery
OR-027586,Received wrong quantity
OR-063199,Better price found elsewhere
OR-092422,No longer needed
OR-005830,Delayed delivery
OR-065751,Product no longer wanted
OR-015478,Product no longer wanted
OR-002382,Damaged item
OR-075288,Item not as described
OR-082698,Damaged item
OR-002659,Poor customer service
OR-027938,Product no longer wanted
OR-035701,Damaged item
OR-104542,Changed mind
OR-059094,Changed mind
OR-112733,Changed mind
OR-042652,Better price found elsewhere
OR-088923,Better price found elsewhere
OR-113423,Delayed delivery
OR-024943,Poor customer service
OR-015848,Item not as described
OR-101780,Better price found elsewhere
OR-119915,Delayed delivery
OR-093991,Product no longer wanted
OR-093461,Better price found elsewhere
OR-050002,Product no longer wanted
OR-018667,Received wrong quantity
OR-082873,Product no longer wanted
OR-022603,Damaged item
OR-056016,Received wrong quantity
OR-102168,Received wrong quantity
OR-094445,Product no longer wanted
OR-117432,Received wrong quantity
OR-076607,Incorrect item shipped
OR-109963,Poor customer service
OR-002117,Product no longer wanted
OR-123623,Incorrect item shipped
OR-026199,Delayed delivery
OR-034440,Product no longer wanted
OR-047701,No longer needed
OR-014845,Poor customer service
OR-040014,Received wrong quantity
OR-119796,Item not as described
OR-093522,Better price found elsewhere
OR-102011,Poor customer service
OR-051582,Better price found elsewhere
OR-121180,Incorrect item shipped
OR-091825,Delayed delivery
OR-006835,Incorrect item shipped
OR-021411,Better price found elsewhere
OR-081515,Incorrect item shipped
OR-112307,Damaged item
OR-061962,Item not as described
OR-110354,Damaged item
OR-094275,Damaged item
OR-017488,Damaged item
OR-067761,Product no longer wanted
OR-007195,Damaged item
OR-073783,Damaged item
OR-068663,Product no longer wanted
OR-096045,Product no longer wanted
OR-078804,No longer needed
OR-067622,No longer needed
OR-001805,Damaged item
OR-072589,Changed mind
OR-100149,Better price found elsewhere
OR-115201,Incorrect item shipped
OR-060249,Item not as described
OR-043159,Damaged item
OR-014421,Better price found elsewhere
OR-042523,Changed mind
OR-040195,Incorrect item shipped
OR-110524,Item not as described
OR-042639,Received wrong quantity
OR-009632,Better price found elsewhere
OR-072800,Item not as described
OR-048610,Delayed delivery
OR-025813,Better price found elsewhere
OR-041664,Changed mind
OR-125766,Item not as described
OR-101008,Poor customer service
OR-090768,Changed mind
OR-032245,Better price found elsewhere
OR-012390,Damaged item
OR-043507,Poor customer service
OR-068166,Damaged item
OR-001616,Better price found elsewhere
OR-122516,No longer needed
OR-096100,Better price found elsewhere
OR-105777,Changed mind
OR-010881,Better price found elsewhere
OR-092796,No longer needed
OR-080624,Changed mind
OR-123542,Item not as described
OR-078806,Incorrect item shipped
OR-061209,Poor customer service
OR-008189,Damaged item
OR-085815,Better price found elsewhere
OR-116029,Delayed delivery
OR-123458,Received wrong quantity
OR-051125,Incorrect item shipped
OR-004565,Incorrect item shipped
OR-110039,Delayed delivery
OR-055425,Received wrong quantity
OR-125708,Product no longer wanted
OR-102353,Item not as described
OR-016387,Item not as described
OR-066756,Item not as described
OR-042253,Poor customer service
OR-118795,Received wrong quantity
OR-058785,Incorrect item shipped
OR-101006,Damaged item
OR-045192,Damaged item
OR-033253,Delayed delivery
OR-019861,Changed mind
OR-060626,No longer needed
OR-019764,Received wrong quantity
OR-080639,Incorrect item shipped
OR-105819,No longer needed
OR-057445,Better price found elsewhere
OR-092845,Product no longer wanted
OR-066052,Incorrect item shipped
OR-000727,Damaged item
OR-019236,Poor customer service
OR-028304,Delayed delivery
OR-056960,Better price found elsewhere
OR-076249,Changed mind
OR-051543,Delayed delivery
OR-112838,Item not as described
OR-058674,Product no longer wanted
OR-067866,Item not as described
OR-085267,Poor customer service
OR-004026,Delayed delivery
OR-015284,Received wrong quantity
OR-069188,Damaged item
OR-086381,Damaged item
OR-066065,Changed mind
OR-052058,Incorrect item shipped
OR-059477,Delayed delivery
OR-075882,Product no longer wanted
OR-032941,Incorrect item shipped
OR-029817,Item not as described
OR-119233,Item not as described
OR-112491,Delayed delivery
OR-124761,Damaged item
OR-085297,Item not as described
OR-009033,Poor customer service
OR-026613,Incorrect item shipped
OR-088721,Better price found elsewhere
OR-035141,No longer needed
OR-070015,Poor customer service
OR-105226,Damaged item
OR-002439,Better price found elsewhere
OR-069031,Item not as described
OR-057907,Product no longer wanted
OR-117554,Poor customer service
OR-056019,Poor customer service
OR-006894,Received wrong quantity
OR-069940,Incorrect item shipped
OR-092760,Better price found elsewhere
OR-086071,Incorrect item shipped
OR-002330,Poor customer service
OR-089019,Damaged item
OR-036997,Incorrect item shipped
OR-050701,Poor customer service
OR-088848,Delayed delivery
OR-061766,Received wrong quantity
OR-035129,Product no longer wanted
OR-064072,Damaged item
OR-051191,Changed mind
OR-049715,Product no longer wanted
OR-069756,Better price found elsewhere
OR-044451,Changed mind
OR-090993,Product no longer wanted
OR-091306,Poor customer service
OR-095782,Delayed delivery
OR-012592,Damaged item
OR-051096,Incorrect item shipped
OR-011901,Better price found elsewhere
OR-049896,Incorrect item shipped
OR-077905,Better price found elsewhere
OR-103376,Product no longer wanted
OR-050002,No longer needed
OR-022619,No longer needed
OR-105997,Poor customer service
OR-107313,Incorrect item shipped
OR-125164,Poor customer service
OR-071518,Damaged item
OR-004423,Incorrect item shipped
OR-102068,No longer needed
OR-005559,No longer needed
OR-035123,Poor customer service
OR-078091,Delayed delivery
OR-050176,Received wrong quantity
OR-021096,Product no longer wanted
OR-075460,Received wrong quantity
OR-001571,Changed mind
OR-010227,Item not as described
OR-108099,Incorrect item shipped
OR-101709,Product no longer wanted
OR-009485,Changed mind
OR-068915,Better price found elsewhere
OR-078698,No longer needed
OR-085724,Product no longer wanted
OR-060742,Received wrong quantity
OR-009164,No longer needed
OR-050692,Changed mind
OR-038197,Product no longer wanted
OR-046130,Product no longer wanted
OR-051297,Better price found elsewhere
OR-034218,Item not as described
OR-114359,Delayed delivery
OR-095791,Damaged item
OR-064797,Damaged item
OR-087502,Poor customer service
OR-004637,Product no longer wanted
OR-017531,Poor customer service
OR-051346,Delayed delivery
OR-015554,Received wrong quantity
OR-076503,Incorrect item shipped
OR-104210,Better price found elsewhere
OR-044091,Better price found elsewhere
OR-096073,Damaged item
OR-112903,Received wrong quantity
OR-038073,Incorrect item shipped
OR-099199,Delayed delivery
OR-045082,Better price found elsewhere
OR-041978,Product no longer wanted
OR-047312,Better price found elsewhere
OR-111524,No longer needed
OR-103708,Better price found elsewhere
OR-020590,Received wrong quantity
OR-094851,Item not as described
OR-115556,Incorrect item shipped
OR-077120,Item not as described
OR-095613,Poor customer service
OR-083796,Incorrect item shipped
OR-100988,Item not as described
OR-071901,Incorrect item shipped
OR-117400,Delayed delivery
OR-122710,Damaged item
OR-086067,Item not as described
OR-029066,Damaged item
OR-039481,No longer needed
OR-030028,Damaged item
OR-042817,Changed mind
OR-111371,Item not as described
OR-115641,Damaged item
OR-126018,Incorrect item shipped
OR-056810,Better price found elsewhere
OR-032799,Delayed delivery
OR-047552,Delayed delivery
OR-116893,Better price found elsewhere
OR-024849,Received wrong quantity
OR-049460,Item not as described
OR-096413,Poor customer service
OR-067040,Received wrong quantity
OR-065052,Damaged item
OR-117740,Delayed delivery
OR-008626,Damaged item
OR-068377,Better price found elsewhere
OR-020058,Changed mind
OR-035708,Damaged item
OR-073002,Delayed delivery
OR-009789,Changed mind
OR-035961,Product no longer wanted
OR-076826,Incorrect item shipped
OR-060397,Poor customer service
OR-113059,No longer needed
OR-115199,Received wrong quantity
OR-116026,Poor customer service
OR-037517,Changed mind
OR-075265,Poor customer service
OR-073698,Damaged item
OR-106105,Delayed delivery
OR-056070,Received wrong quantity
OR-111644,Incorrect item shipped
OR-073456,No longer needed
OR-090279,Product no longer wanted
OR-046857,Received wrong quantity
OR-026491,Poor customer service
OR-037017,Delayed delivery
OR-072484,Delayed delivery
OR-016480,Changed mind
OR-111422,Product no longer wanted
OR-046671,Received wrong quantity
OR-105575,No longer needed
OR-057468,Incorrect item shipped
OR-065114,Incorrect item shipped
OR-024515,Changed mind
OR-092733,No longer needed
OR-008558,Item not as described
OR-116927,Better price found elsewhere
OR-076245,Damaged item
OR-047889,No longer needed
OR-089226,No longer needed
OR-017670,Received wrong quantity
OR-104250,Better price found elsewhere
OR-000450,Poor customer service
OR-054365,Delayed delivery
OR-119391,Incorrect item shipped
OR-110977,Delayed delivery
OR-111393,Item not as described
OR-048364,Poor customer service
OR-111163,Better price found elsewhere
OR-031945,Item not as described
OR-042972,Damaged item
OR-009843,No longer needed
OR-018654,Damaged item
OR-048436,Damaged item
OR-021536,No longer needed
OR-089688,No longer needed
OR-063674,Damaged item
OR-060968,Incorrect item shipped
OR-011592,Delayed delivery
OR-106966,Received wrong quantity
OR-002866,Better price found elsewhere
OR-003515,Item not as described
OR-037610,Poor customer service
OR-019299,Item not as described
OR-093833,No longer needed
OR-075153,Poor customer service
OR-022744,Changed mind
OR-088304,Poor customer service
OR-010717,Incorrect item shipped
OR-062220,Changed mind
OR-107514,Item not as described
OR-065818,Product no longer wanted
OR-076890,Better price found elsewhere
OR-047159,Received wrong quantity
OR-004623,Item not as described
OR-007425,Damaged item
OR-115034,Incorrect item shipped
OR-025493,No longer needed
OR-051065,Incorrect item shipped
OR-067888,Changed mind
OR-095789,Received wrong quantity
OR-079426,Poor customer service
OR-037986,Poor customer service
OR-037102,Changed mind
OR-100682,Poor customer service
OR-062832,Poor customer service
OR-035334,Received wrong quantity
OR-104705,Delayed delivery
OR-061358,Poor customer service
OR-090662,Received wrong quantity
OR-080577,No longer needed
OR-073046,Delayed delivery
OR-028740,Received wrong quantity
OR-115586,Changed mind
OR-018871,Better price found elsewhere
OR-045529,Changed mind
OR-061124,Better price found elsewhere
OR-083514,Item not as described
OR-095730,Damaged item
OR-109864,Better price found elsewhere
OR-124015,Item not as described
OR-074549,Item not as described
OR-037048,Incorrect item shipped
OR-110686,No longer needed
OR-053369,No longer needed
OR-014343,No longer needed
OR-084355,Delayed delivery
OR-111150,Changed mind
OR-056775,Better price found elsewhere
OR-010695,Product no longer wanted
OR-051277,Better price found elsewhere
OR-026343,Better price found elsewhere
OR-071713,Item not as described
OR-074586,Product no longer wanted
OR-026772,No longer needed
OR-081123,Better price found elsewhere
OR-026560,Incorrect item shipped
OR-020494,Incorrect item shipped
OR-032628,Poor customer service
OR-111797,Poor customer service
OR-073096,Better price found elsewhere
OR-091779,Delayed delivery
OR-070155,Incorrect item shipped
OR-084856,Damaged item
OR-074881,Damaged item
OR-072353,Item not as described
OR-119352,Changed mind
OR-041728,Item not as described
OR-079895,No longer needed
OR-082158,Better price found elsewhere
OR-112961,No longer needed
OR-084637,Damaged item
OR-042232,Incorrect item shipped
OR-091920,Received wrong quantity
OR-064333,Better price found elsewhere
OR-072012,Changed mind
OR-078654,No longer needed
OR-030699,Damaged item
OR-014604,Incorrect item shipped
OR-056600,Delayed delivery
OR-048844,Item not as described
OR-101522,No longer needed
OR-043161,Delayed delivery
OR-047508,Incorrect item shipped
OR-116230,Incorrect item shipped
OR-123686,Better price found elsewhere
OR-048588,Poor customer service
OR-099743,Changed mind
OR-068827,Better price found elsewhere
OR-108665,Item not as described
OR-016071,Item not as described
OR-102180,Poor customer service
OR-070128,Delayed delivery
OR-117210,Incorrect item shipped
OR-048828,Damaged item
OR-004501,Product no longer wanted
OR-022338,Product no longer wanted
OR-049249,Delayed delivery
OR-101015,No longer needed
OR-072864,Delayed delivery
OR-094555,No longer needed
OR-108464,Product no longer wanted
OR-053370,Changed mind
OR-121075,No longer needed
OR-012450,Changed mind
OR-046280,Product no longer wanted
OR-067533,No longer needed
OR-057526,Better price found elsewhere
OR-022617,Better price found elsewhere
OR-059687,Changed mind
OR-015478,No longer needed
OR-051733,Incorrect item shipped
OR-069100,Product no longer wanted
OR-050102,Damaged item
OR-075453,Delayed delivery
OR-072147,Product no longer wanted
OR-085070,Incorrect item shipped
OR-022291,Delayed delivery
OR-082108,Better price found elsewhere
OR-044253,Changed mind
OR-021300,Received wrong quantity
OR-106875,Damaged item
OR-015163,Product no longer wanted
OR-042511,Received wrong quantity
OR-029938,Better price found elsewhere
OR-011950,Incorrect item shipped
OR-051132,Incorrect item shipped
OR-036062,Changed mind
OR-075191,Product no longer wanted
OR-027875,Delayed delivery
OR-044792,Better price found elsewhere
OR-111746,Item not as described
OR-006528,Delayed delivery
OR-035933,Better price found elsewhere
OR-118583,Item not as described
OR-110764,Better price found elsewhere
OR-015806,Poor customer service
OR-125472,Damaged item
OR-017610,Delayed delivery
OR-062448,Delayed delivery
OR-012945,Better price found elsewhere
OR-045981,Better price found elsewhere
OR-096946,Product no longer wanted
OR-014783,Changed mind
OR-011305,Received wrong quantity
OR-010600,Changed mind
OR-057084,Product no longer wanted
OR-001202,Product no longer wanted
OR-037406,Damaged item
OR-076313,Product no longer wanted
OR-104219,Received wrong quantity
OR-035940,Better price found elsewhere
OR-054842,Delayed delivery
OR-062782,No longer needed
OR-036905,Changed mind
OR-080591,Changed mind
OR-052201,Delayed delivery
OR-095461,Changed mind
OR-021853,No longer needed
OR-052589,No longer needed
OR-053895,Changed mind
OR-055255,Incorrect item shipped
OR-023995,No longer needed
OR-024857,Poor customer service
OR-039202,Changed mind
OR-064166,Received wrong quantity
OR-038729,Better price found elsewhere
OR-117536,No longer needed
OR-086894,Better price found elsewhere
OR-030629,Incorrect item shipped
OR-029170,Better price found elsewhere
OR-001450,Incorrect item shipped
OR-039165,Poor customer service
OR-001802,No longer needed
OR-070310,Better price found elsewhere
OR-098495,No longer needed
OR-018147,Received wrong quantity
OR-110050,No longer needed
OR-046667,Item not as described
OR-103332,Received wrong quantity
OR-076651,Delayed delivery
OR-042382,Poor customer service
OR-004483,Poor customer service
OR-098050,Product no longer wanted
OR-125497,Received wrong quantity
OR-080224,Received wrong quantity
OR-108555,Changed mind
OR-096472,Item not as described
OR-059904,Better price found elsewhere
OR-008258,Item not as described
OR-124279,Damaged item
OR-067022,Item not as described
OR-111352,Changed mind
OR-100163,Damaged item
OR-061798,Delayed delivery
OR-001170,Damaged item
OR-107253,Received wrong quantity
OR-039661,Delayed delivery
OR-107924,Item not as described
OR-006651,Poor customer service
OR-117011,Poor customer service
OR-111672,Item not as described
OR-038703,Damaged item
OR-084512,Item not as described
OR-124675,Delayed delivery
OR-031155,Incorrect item shipped
OR-033099,Better price found elsewhere
OR-122053,Damaged item
OR-090505,Better price found elsewhere
OR-021570,Received wrong quantity
OR-010153,Changed mind
OR-094261,Item not as described
OR-014671,Received wrong quantity
OR-078325,Received wrong quantity
OR-113533,Poor customer service
OR-117404,Item not as described
OR-074840,Received wrong quantity
OR-079202,Delayed delivery
OR-014211,Changed mind
OR-087964,Incorrect item shipped
OR-035531,Product no longer wanted
OR-000254,Delayed delivery
OR-090878,Poor customer service
OR-116641,Received wrong quantity
OR-079406,Changed mind
OR-029811,Product no longer wanted
OR-034238,Incorrect item shipped
OR-025407,Damaged item
OR-017541,Delayed delivery
OR-113239,Damaged item
OR-051904,Better price found elsewhere
OR-037767,Item not as described
OR-086201,Better price found elsewhere
OR-113925,Damaged item
OR-041150,Item not as described
OR-010062,Received wrong quantity
OR-068825,No longer needed
OR-049331,Delayed delivery
OR-074045,Product no longer wanted
OR-036508,Received wrong quantity
OR-112620,Poor customer service
OR-072338,Item not as described
OR-068385,Changed mind
OR-114878,Product no longer wanted
OR-115113,Damaged item
OR-007732,Delayed delivery
OR-065968,Product no longer wanted
OR-124520,Incorrect item shipped
OR-011679,Better price found elsewhere
OR-062310,Changed mind
OR-119241,Incorrect item shipped
OR-099548,Received wrong quantity
OR-073309,Product no longer wanted
OR-117814,Changed mind
OR-074732,Damaged item
OR-107081,Damaged item
OR-045126,Changed mind
OR-065347,Incorrect item shipped
OR-019756,No longer needed
OR-045524,Damaged item
OR-065894,Damaged item
OR-068193,Received wrong quantity
OR-033458,Product no longer wanted
OR-072230,Product no longer wanted
OR-033523,Damaged item
OR-029703,Damaged item
OR-113847,Received wrong quantity
OR-061274,Delayed delivery
OR-003184,No longer needed
OR-058332,Changed mind
OR-059950,No longer needed
OR-047020,Item not as described
OR-100804,Incorrect item shipped
OR-027291,Delayed delivery
OR-060960,Poor customer service
OR-027338,Delayed delivery
OR-087770,Product no longer wanted
OR-028131,Poor customer service
OR-077781,Better price found elsewhere
OR-062084,Delayed delivery
OR-069621,Changed mind
OR-038165,Delayed delivery
OR-121435,Changed mind
OR-086118,Delayed delivery
OR-010546,Item not as described
OR-059943,No longer needed
OR-124757,Changed mind
OR-028824,Poor customer service
OR-092609,Received wrong quantity
OR-079238,Item not as described
OR-034700,Product no longer wanted
OR-033129,Received wrong quantity
OR-044551,Better price found elsewhere
OR-096976,No longer needed
OR-124980,Changed mind
OR-050129,Poor customer service
OR-024768,Poor customer service
OR-029586,Delayed delivery
OR-029470,Changed mind
OR-111894,Changed mind
OR-109468,Damaged item
OR-099753,Item not as described
OR-068990,Better price found elsewhere
OR-006181,Poor customer service
OR-007346,Damaged item
OR-005372,Poor customer service
OR-103639,Product no longer wanted
OR-029705,Delayed delivery
OR-124927,Incorrect item shipped
OR-001081,Changed mind
OR-052752,No longer needed
OR-009401,Better price found elsewhere
OR-007599,Changed mind
OR-014303,Item not as described
OR-083938,Received wrong quantity
OR-053703,Delayed delivery
OR-000697,No longer needed
OR-028466,Poor customer service
OR-042453,No longer needed
OR-019786,Poor customer service
OR-099622,No longer needed
OR-125096,Poor customer service
OR-096165,Changed mind
OR-057944,Damaged item
OR-018124,Product no longer wanted
OR-118150,Changed mind
OR-046439,No longer needed
OR-091860,Product no longer wanted
OR-070861,Poor customer service
OR-114185,Product no longer wanted
OR-006837,Received wrong quantity
OR-124908,Received wrong quantity
OR-093943,Item not as described
OR-021231,Damaged item
OR-030803,Incorrect item shipped
OR-103078,Incorrect item shipped
OR-092144,Better price found elsewhere
OR-119720,Item not as described
OR-052172,Poor customer service
OR-075214,Damaged item
OR-094655,Damaged item
OR-041692,Delayed delivery
OR-093845,Incorrect item shipped
OR-069472,Damaged item
OR-122239,Product no longer wanted
OR-121557,Delayed delivery
OR-095613,Product no longer wanted
OR-067318,Incorrect item shipped
OR-022240,Poor customer service
OR-088090,Incorrect item shipped
OR-066444,Changed mind
OR-014552,Product no longer wanted
OR-079857,Changed mind
OR-102697,Changed mind
OR-006025,Product no longer wanted
OR-102397,No longer needed
OR-073806,Received wrong quantity
OR-025218,Item not as described
OR-052270,Damaged item
OR-042815,Better price found elsewhere
OR-026678,Incorrect item shipped
OR-018493,Received wrong quantity
OR-053231,Damaged item
OR-053740,Incorrect item shipped
OR-036603,Received wrong quantity
OR-048965,Better price found elsewhere
OR-047547,No longer needed
OR-087276,Incorrect item shipped
OR-026432,Incorrect item shipped
OR-089244,Poor customer service
OR-064844,Better price found elsewhere
OR-044048,Product no longer wanted
OR-016258,Damaged item
OR-110326,Product no longer wanted
OR-110690,Incorrect item shipped
OR-032348,Item not as described
OR-081493,Delayed delivery
OR-028032,Item not as described
OR-034085,Better price found elsewhere
OR-001313,Incorrect item shipped
OR-058171,Delayed delivery
OR-084854,Incorrect item shipped
OR-076250,Item not as described
OR-087664,Better price found elsewhere
OR-123828,Received wrong quantity
OR-030651,Item not as described
OR-124505,Received wrong quantity
OR-019538,Item not as described
OR-011720,Changed mind
OR-089346,Item not as described
OR-015127,Better price found elsewhere
OR-006662,Damaged item
OR-062099,Better price found elsewhere
OR-095896,Better price found elsewhere
OR-068158,Poor customer service
OR-001409,Better price found elsewhere
OR-092803,Changed mind
OR-033798,No longer needed
OR-082656,No longer needed
OR-052426,Delayed delivery
OR-076555,Delayed delivery
OR-009495,No longer needed
OR-068610,Incorrect item shipped
OR-036275,Damaged item
OR-113623,Item not as described
OR-023604,Item not as described
OR-006485,Changed mind
OR-066787,Better price found elsewhere
OR-009447,Delayed delivery
OR-081982,Damaged item
OR-027222,Better price found elsewhere
OR-015888,Delayed delivery
OR-024288,Damaged item
OR-089223,Damaged item
OR-013980,Better price found elsewhere
OR-056864,Poor customer service
OR-061488,Delayed delivery
OR-061341,Poor customer service
OR-062297,No longer needed
OR-101107,Incorrect item shipped
OR-026536,Better price found elsewhere
OR-080602,No longer needed
OR-007631,Damaged item
OR-058063,Delayed delivery
OR-108137,No longer needed
OR-048366,Incorrect item shipped
OR-064966,Received wrong quantity
OR-072625,Received wrong quantity
OR-014302,Changed mind
OR-012711,Poor customer service
OR-057232,Better price found elsewhere
OR-017305,Received wrong quantity
OR-058699,Incorrect item shipped
OR-046982,Damaged item
OR-109733,Item not as described
OR-075626,Delayed delivery
OR-002819,Changed mind
OR-120057,Damaged item
OR-041543,Product no longer wanted
OR-021502,Changed mind
OR-112387,No longer needed
OR-110653,Poor customer service
OR-014849,Damaged item
OR-038069,Delayed delivery
OR-058899,Incorrect item shipped
OR-076949,Received wrong quantity
OR-089651,Item not as described
OR-027487,Damaged item
OR-100269,Product no longer wanted
OR-078306,Damaged item
OR-072218,Damaged item
OR-043857,Item not as described
OR-071079,Product no longer wanted
OR-093669,Incorrect item shipped
OR-111588,Product no longer wanted
OR-118398,No longer needed
OR-014837,Item not as described
OR-125033,Item not as described
OR-097863,Better price found elsewhere
OR-092255,Poor customer service
OR-022616,Incorrect item shipped
OR-001294,Damaged item
OR-010177,Item not as described
OR-096896,Item not as described
OR-070052,Received wrong quantity
OR-009791,Changed mind
OR-076975,Poor customer service
OR-112156,Delayed delivery
OR-050814,Better price found elsewhere
OR-093400,Item not as described
OR-045449,Changed mind
OR-101445,Changed mind
OR-016848,Damaged item
OR-121113,Poor customer service
OR-095304,Damaged item
OR-007671,Poor customer service
OR-062205,Item not as described
OR-032519,Damaged item
OR-062791,Poor customer service
OR-121189,No longer needed
OR-008940,Better price found elsewhere
OR-120283,Poor customer service
OR-051892,Delayed delivery
OR-007054,Product no longer wanted
OR-110473,Item not as described
OR-082457,Incorrect item shipped
OR-079742,Item not as described
OR-017471,Damaged item
OR-006607,Poor customer service
OR-058381,Product no longer wanted
OR-086532,Changed mind
OR-102828,Damaged item
OR-071381,Poor customer service
OR-016422,Changed mind
OR-075451,Better price found elsewhere
OR-027716,Incorrect item shipped
OR-025209,Damaged item
OR-064570,Delayed delivery
OR-052716,Product no longer wanted
OR-068316,Item not as described
OR-104761,Incorrect item shipped
OR-068020,Received wrong quantity
OR-079644,No longer needed
OR-057497,No longer needed
OR-094958,Product no longer wanted
OR-028955,Received wrong quantity
OR-094039,Damaged item
OR-060379,No longer needed
OR-124524,Incorrect item shipped
OR-108367,Poor customer service
OR-050548,Delayed delivery
OR-021792,Poor customer service
OR-055597,Poor customer service
OR-084898,Changed mind
OR-089106,Delayed delivery
OR-091179,Poor customer service
OR-045945,Item not as described
OR-090594,Better price found elsewhere
OR-111155,Better price found elsewhere
OR-020553,Item not as described
OR-051350,Received wrong quantity
OR-089185,Changed mind
OR-108107,Received wrong quantity
OR-076587,Received wrong quantity
OR-022475,No longer needed
OR-055680,Item not as described
OR-014093,Better price found elsewhere
OR-111462,Changed mind
OR-071831,Changed mind
OR-083158,Received wrong quantity
OR-024139,Product no longer wanted
OR-076858,Better price found elsewhere
OR-087353,Product no longer wanted
OR-033364,Poor customer service
OR-015458,Better price found elsewhere
OR-103626,Product no longer wanted
OR-089969,Item not as described
OR-043091,Better price found elsewhere
OR-078013,Incorrect item shipped
OR-002494,No longer needed
OR-053115,No longer needed
OR-058922,Changed mind
OR-105009,Delayed delivery
OR-080483,Poor customer service
OR-078140,Delayed delivery
OR-091032,Better price found elsewhere
OR-072305,Changed mind
OR-091463,Better price found elsewhere
OR-096560,Damaged item
OR-098594,Damaged item
OR-120310,Product no longer wanted
OR-113016,Damaged item
OR-007563,Damaged item
OR-002986,Changed mind
OR-084566,No longer needed
OR-078103,Incorrect item shipped
OR-124720,Received wrong quantity
OR-077467,Damaged item
OR-100917,Changed mind
OR-050847,Damaged item
OR-101314,Changed mind
OR-123120,Damaged item
OR-051142,Damaged item
OR-047859,Better price found elsewhere
OR-095604,Item not as described
OR-012626,Delayed delivery
OR-090552,No longer needed
OR-107030,Incorrect item shipped
OR-094659,Item not as described
OR-077875,Product no longer wanted
OR-005304,Delayed delivery
OR-070063,Changed mind
OR-025446,Poor customer service
OR-105937,Received wrong quantity
OR-015794,Delayed delivery
OR-014347,No longer needed
OR-033158,Poor customer service
OR-024789,Poor customer service
OR-118710,No longer needed
OR-113136,Product no longer wanted
OR-110004,No longer needed
OR-025552,Delayed delivery
OR-056516,Better price found elsewhere
OR-067518,Item not as described
OR-063058,Incorrect item shipped
OR-005618,Product no longer wanted
OR-031137,Product no longer wanted
OR-125093,Changed mind
OR-082416,Changed mind
OR-059272,Changed mind
OR-098427,No longer needed
OR-115638,Product no longer wanted
OR-075587,Changed mind
OR-009069,Better price found elsewhere
OR-035346,No longer needed
OR-113128,Received wrong quantity
OR-109976,Better price found elsewhere
OR-069065,Changed mind
OR-008863,Delayed delivery
OR-074143,Better price found elsewhere
OR-116188,Item not as described
OR-047892,Delayed delivery
OR-064523,Received wrong quantity
OR-100458,Received wrong quantity
OR-040781,Incorrect item shipped
OR-085975,Product no longer wanted
OR-026071,Item not as described
OR-027363,No longer needed
OR-113329,Delayed delivery
OR-112926,Better price found elsewhere
OR-108892,Item not as described
OR-097419,Poor customer service
OR-056028,Received wrong quantity
OR-009867,Poor customer service
OR-025180,Poor customer service
OR-036062,Better price found elsewhere
OR-028247,Item not as described
OR-112909,Received wrong quantity
OR-111102,Poor customer service
OR-071287,Product no longer wanted
OR-000285,No longer needed
OR-009356,Delayed delivery
OR-093117,Delayed delivery
OR-089559,Delayed delivery
OR-046183,Incorrect item shipped
OR-057909,Changed mind
OR-108390,Changed mind
OR-076887,Received wrong quantity
OR-079635,Delayed delivery
OR-046989,Item not as described
OR-007405,Changed mind
OR-072998,Damaged item
OR-055743,Changed mind
OR-007858,Incorrect item shipped
OR-125946,Delayed delivery
OR-040966,Received wrong quantity
OR-044406,Changed mind
OR-079368,No longer needed
OR-017597,Changed mind
OR-043336,Incorrect item shipped
OR-114552,Delayed delivery
OR-090730,No longer needed
OR-055108,Changed mind
OR-033182,No longer needed
OR-103304,Damaged item
OR-091179,Delayed delivery
OR-002239,Delayed delivery
OR-038842,Delayed delivery
OR-076888,Damaged item
OR-063899,Poor customer service
OR-082143,Better price found elsewhere
OR-050560,Received wrong quantity
OR-092787,Item not as described
OR-076807,No longer needed
OR-095260,Incorrect item shipped
OR-091989,Damaged item
OR-084388,Poor customer service
OR-007426,Damaged item
OR-018763,Damaged item
OR-121336,Incorrect item shipped
OR-056616,Damaged item
OR-057488,No longer needed
OR-091457,Product no longer wanted
OR-081230,Received wrong quantity
OR-063810,Incorrect item shipped
OR-008046,Better price found elsewhere
OR-098808,Better price found elsewhere
OR-052739,No longer needed
OR-102682,Product no longer wanted
OR-105096,Poor customer service
OR-056937,Changed mind
OR-039993,Changed mind
OR-065139,Received wrong quantity
OR-075030,Better price found elsewhere
OR-100203,Poor customer service
OR-019678,Item not as described
OR-043910,Product no longer wanted
OR-070714,Better price found elsewhere
OR-093043,Incorrect item shipped
OR-099510,Product no longer wanted
OR-056758,Item not as described
OR-089185,Poor customer service
OR-068989,Product no longer wanted
OR-093728,Poor customer service
OR-002008,Delayed delivery
OR-067562,Damaged item
OR-088135,Incorrect item shipped
OR-020829,Better price found elsewhere
OR-009786,Delayed delivery
OR-061160,Delayed delivery
OR-122813,Item not as described
OR-081114,Item not as described
OR-085474,Item not as described
OR-068705,Changed mind
OR-030203,Poor customer service
OR-081787,Damaged item
OR-095086,Received wrong quantity
OR-023361,Changed mind
OR-098676,Changed mind
OR-033781,Item not as described
OR-122428,No longer needed
OR-079388,Product no longer wanted
OR-050192,Poor customer service
OR-125560,Received wrong quantity
OR-027955,Product no longer wanted
OR-072401,Received wrong quantity
OR-081036,Item not as described
OR-004141,Received wrong quantity
OR-022346,Poor customer service
OR-024594,Product no longer wanted
OR-056224,Damaged item
OR-009715,Better price found elsewhere
OR-108928,Poor customer service
OR-042176,Incorrect item shipped
OR-109597,Item not as described
OR-116706,Changed mind
OR-019742,No longer needed
OR-068870,Product no longer wanted
OR-110891,Received wrong quantity
OR-069170,Product no longer wanted
OR-083943,Poor customer service
OR-117134,Product no longer wanted
OR-084132,Received wrong quantity
OR-075327,Changed mind
OR-095026,Changed mind
OR-058804,Damaged item
OR-046632,Damaged item
OR-099111,Better price found elsewhere
OR-017081,Received wrong quantity
OR-005994,Changed mind
OR-083418,Received wrong quantity
OR-012491,Delayed delivery
OR-089756,Product no longer wanted
OR-035154,No longer needed
OR-058973,Item not as described
OR-024735,Received wrong quantity
OR-014660,Delayed delivery
OR-035724,Damaged item
OR-075330,Product no longer wanted
OR-118567,Better price found elsewhere
OR-015316,Damaged item
OR-009431,Changed mind
OR-038161,Poor customer service
OR-123091,Delayed delivery
OR-059549,Product no longer wanted
OR-016030,Damaged item
OR-042312,Poor customer service
OR-095169,No longer needed
OR-000500,Changed mind
OR-112027,No longer needed
OR-089335,Product no longer wanted
OR-009772,Changed mind
OR-080114,Product no longer wanted
OR-078253,Changed mind
OR-031448,Product no longer wanted
OR-023742,Incorrect item shipped
OR-074692,Received wrong quantity
OR-092599,Delayed delivery
OR-023378,Item not as described
OR-113853,Received wrong quantity
OR-021851,Item not as described
OR-011027,Item not as described
OR-028083,Product no longer wanted
OR-092223,Changed mind
OR-047110,Changed mind
OR-017515,Delayed delivery
OR-010021,Incorrect item shipped
OR-023065,No longer needed
OR-013164,Incorrect item shipped
OR-039056,Poor customer service
OR-020097,Product no longer wanted
OR-024465,Delayed delivery
OR-048550,No longer needed
OR-059849,Delayed delivery
OR-109992,Delayed delivery
OR-064390,Damaged item
OR-004260,No longer needed
OR-029721,Better price found elsewhere
OR-122143,Item not as described
OR-030340,Better price found elsewhere
OR-077878,Incorrect item shipped
OR-009272,Damaged item
OR-053498,Received wrong quantity
OR-017787,Delayed delivery
OR-052717,Changed mind
OR-000156,Product no longer wanted
OR-083559,Delayed delivery
OR-060113,Product no longer wanted
OR-057536,Incorrect item shipped
OR-044019,Changed mind
OR-056612,Changed mind
OR-070208,Incorrect item shipped
OR-097316,Received wrong quantity
OR-078043,Received wrong quantity
OR-108450,Product no longer wanted
OR-041771,Incorrect item shipped
OR-098063,Changed mind
OR-027879,Better price found elsewhere
OR-116233,Damaged item
OR-046659,Item not as described
OR-009180,Received wrong quantity
OR-000330,Better price found elsewhere
OR-038757,Received wrong quantity
OR-090634,Poor customer service
OR-080542,Changed mind
OR-098811,No longer needed
OR-123342,Poor customer service
OR-045827,Item not as described
OR-100494,No longer needed
OR-087440,Delayed delivery
OR-076711,Delayed delivery
OR-088646,Item not as described
OR-072544,Delayed delivery
OR-125874,Damaged item
OR-118768,Changed mind
OR-013772,Damaged item
OR-038922,No longer needed
OR-023589,Changed mind
OR-032475,Incorrect item shipped
OR-125363,No longer needed
OR-091600,Item not as described
OR-102474,Item not as described
OR-028237,Damaged item
OR-090711,Poor customer service
OR-115665,Incorrect item shipped
OR-034733,No longer needed
OR-072224,Changed mind
OR-057404,Received wrong quantity
OR-041412,Received wrong quantity
OR-119676,Delayed delivery
OR-100986,Damaged item
OR-058061,Damaged item
OR-037804,Better price found elsewhere
OR-115815,Product no longer wanted
OR-022380,Changed mind
OR-094448,Poor customer service
OR-053455,Delayed delivery
OR-102214,Delayed delivery
OR-069135,Item not as described
OR-091292,No longer needed
OR-085507,Item not as described
OR-080152,Item not as described
OR-005320,No longer needed
OR-121355,Product no longer wanted
OR-079807,Better price found elsewhere
OR-042250,Poor customer service
OR-012226,Product no longer wanted
OR-005088,Delayed delivery
OR-004405,Received wrong quantity
OR-103041,Changed mind
OR-059220,Item not as described
OR-057687,Poor customer service
OR-047630,Item not as described
OR-025060,Damaged item
OR-061061,Delayed delivery
OR-030544,Received wrong quantity
OR-034802,Better price found elsewhere
OR-115530,Poor customer service
OR-054702,Changed mind
OR-065858,Incorrect item shipped
OR-018290,Damaged item
OR-115996,Changed mind
OR-029485,No longer needed
OR-049689,Changed mind
OR-062798,Changed mind
OR-091714,No longer needed
OR-011706,Better price found elsewhere
OR-099078,Incorrect item shipped
OR-109438,No longer needed
OR-007591,Delayed delivery
OR-068045,Poor customer service
OR-099967,Product no longer wanted
OR-003971,No longer needed
OR-040400,Item not as described
OR-035680,No longer needed
OR-061978,Item not as described
OR-048555,Damaged item
OR-015865,Changed mind
OR-066105,Better price found elsewhere
OR-064178,Item not as described
OR-009008,Better price found elsewhere
OR-029736,Damaged item
OR-050963,No longer needed
OR-006729,No longer needed
OR-112453,Incorrect item shipped
OR-123098,Product no longer wanted
OR-022577,No longer needed
OR-117154,Received wrong quantity
OR-013090,Received wrong quantity
OR-120855,Changed mind
OR-093762,Poor customer service
OR-093238,Product no longer wanted
OR-042024,Poor customer service
OR-022208,Delayed delivery
OR-101021,Delayed delivery
OR-081727,Received wrong quantity
OR-015410,Product no longer wanted
OR-070064,Incorrect item shipped
OR-092027,Better price found elsewhere
OR-117843,Item not as described
OR-092006,Delayed delivery
OR-082219,No longer needed
OR-035623,Damaged item
OR-107596,Product no longer wanted
OR-022435,Damaged item
OR-003357,Better price found elsewhere
OR-049359,Better price found elsewhere
OR-125346,Received wrong quantity
OR-046050,Item not as described
OR-104847,Delayed delivery
OR-083290,Damaged item
OR-089178,No longer needed
OR-050488,Damaged item
OR-037357,Incorrect item shipped
OR-031007,Product no longer wanted
OR-071048,Product no longer wanted
OR-041846,No longer needed
OR-000288,Received wrong quantity
OR-067006,Received wrong quantity
OR-121360,Item not as described
OR-042427,No longer needed
OR-114353,Incorrect item shipped
OR-079288,Damaged item
OR-034333,No longer needed
OR-117696,No longer needed
OR-086908,Product no longer wanted
OR-061189,Damaged item
OR-119115,Product no longer wanted
OR-013309,Product no longer wanted
OR-117496,Item not as described
OR-052006,Changed mind
OR-104018,Incorrect item shipped
OR-054624,Delayed delivery
OR-070509,Product no longer wanted
OR-113758,Poor customer service
OR-120421,No longer needed
OR-023511,Changed mind
OR-033248,Better price found elsewhere
OR-106121,Incorrect item shipped
OR-096069,No longer needed
OR-006571,No longer needed
OR-084855,Incorrect item shipped
OR-064549,Product no longer wanted
OR-003097,Better price found elsewhere
OR-117063,Changed mind
OR-029287,Damaged item
OR-120148,No longer needed
OR-081023,Poor customer service
OR-117604,Delayed delivery
OR-090928,Item not as described
OR-073971,Incorrect item shipped
OR-055751,No longer needed
OR-007188,Incorrect item shipped
OR-063813,Incorrect item shipped
OR-002492,Delayed delivery
OR-027829,Incorrect item shipped
OR-114942,Item not as described
OR-070451,Delayed delivery
OR-002395,Received wrong quantity
OR-058763,Delayed delivery
OR-102638,Delayed delivery
OR-064776,Delayed delivery
OR-045160,Changed mind
OR-007258,Product no longer wanted
OR-036756,Product no longer wanted
OR-053039,No longer needed
OR-081394,Changed mind
OR-022339,Damaged item
OR-065255,Item not as described
OR-097398,Product no longer wanted
OR-012719,Better price found elsewhere
OR-039340,Item not as described
OR-097609,Delayed delivery
OR-122484,Delayed delivery
OR-096682,Better price found elsewhere
OR-125045,Changed mind
OR-077409,No longer needed
OR-073448,Changed mind
OR-095446,Poor customer service
OR-063470,No longer needed
OR-077542,Incorrect item shipped
OR-058620,Incorrect item shipped
OR-085818,Damaged item
OR-036669,Changed mind
OR-119711,Better price found elsewhere
OR-057751,Received wrong quantity
OR-120766,No longer needed
OR-058866,Incorrect item shipped
OR-086139,No longer needed
OR-080566,Poor customer service
OR-092773,Received wrong quantity
OR-030337,Better price found elsewhere
OR-053437,Received wrong quantity
OR-044852,Item not as described
OR-048868,Received wrong quantity
OR-093614,Changed mind
OR-054648,No longer needed
OR-071522,Better price found elsewhere
OR-026796,Item not as described
OR-072761,No longer needed
OR-051829,No longer needed
OR-078534,Delayed delivery
OR-057065,Changed mind
OR-036921,Better price found elsewhere
OR-099468,Product no longer wanted
OR-121087,Delayed delivery
OR-003754,Better price found elsewhere
OR-114699,Incorrect item shipped
OR-096243,Incorrect item shipped
OR-057825,Better price found elsewhere
OR-075446,Received wrong quantity
OR-096155,Poor customer service
OR-090475,Poor customer service
OR-044042,No longer needed
OR-102008,Incorrect item shipped
OR-085106,Damaged item
OR-016346,Delayed delivery
OR-034446,Damaged item
OR-070811,Changed mind
OR-074491,Delayed delivery
OR-011609,Product no longer wanted
OR-121561,Product no longer wanted
OR-072114,Damaged item
OR-100218,Product no longer wanted
OR-084036,Item not as described
OR-053582,Damaged item
OR-070344,Poor customer service
OR-059857,Poor customer service
OR-094388,Delayed delivery
OR-078425,Delayed delivery
OR-012485,Product no longer wanted
OR-094734,Damaged item
OR-045245,Poor customer service
OR-067964,Product no longer wanted
OR-052601,Received wrong quantity
OR-041669,Delayed delivery
OR-105914,Delayed delivery
OR-053224,Damaged item
OR-082154,No longer needed
OR-091051,Damaged item
OR-040128,Product no longer wanted
OR-066247,Incorrect item shipped
OR-108475,Received wrong quantity
OR-098535,Poor customer service
OR-026940,Damaged item
OR-036365,Product no longer wanted
OR-084265,Received wrong quantity
OR-118321,Item not as described
OR-028864,Better price found elsewhere
OR-023795,Incorrect item shipped
OR-102393,Item not as described
OR-069237,Item not as described
OR-005806,Poor customer service
OR-122436,Poor customer service
OR-039614,Poor customer service
OR-103533,No longer needed
OR-073832,Changed mind
OR-100177,Delayed delivery
OR-046360,Incorrect item shipped
OR-005719,Incorrect item shipped
OR-046645,Changed mind
OR-027867,Product no longer wanted
OR-109718,No longer needed
OR-098558,Damaged item
OR-061871,Damaged item
OR-115460,Product no longer wanted
OR-061351,Delayed delivery
OR-116066,Incorrect item shipped
OR-005859,Product no longer wanted
OR-029042,No longer needed
OR-016910,Delayed delivery
OR-111762,Item not as described
OR-002786,Product no longer wanted
OR-035954,Delayed delivery
OR-015465,No longer needed
OR-090974,Poor customer service
OR-005535,Changed mind
OR-099993,No longer needed
OR-098361,Poor customer service
OR-001811,Changed mind
OR-076411,Item not as described
OR-040449,No longer needed
OR-113324,Item not as described
OR-080365,Delayed delivery
OR-047333,Item not as described
OR-051665,Received wrong quantity
OR-069009,Damaged item
OR-082721,Changed mind
OR-060298,Better price found elsewhere
OR-034596,Incorrect item shipped
OR-023296,Changed mind
OR-117803,No longer needed
OR-036362,Item not as described
OR-021528,Damaged item
OR-120290,Better price found elsewhere
OR-001032,Product no longer wanted
OR-034466,Received wrong quantity
OR-064107,Better price found elsewhere
OR-083214,Item not as described
OR-107645,Poor customer service
OR-003024,Received wrong quantity
OR-035157,No longer needed
OR-055497,Received wrong quantity
OR-024223,Incorrect item shipped
OR-036518,Received wrong quantity
OR-100910,Delayed delivery
OR-021157,Better price found elsewhere
OR-078755,Product no longer wanted
OR-049754,Incorrect item shipped
OR-041821,Product no longer wanted
OR-002326,No longer needed
OR-084808,Changed mind
OR-051526,Changed mind
OR-057192,Incorrect item shipped
OR-042948,Delayed delivery
OR-034046,Product no longer wanted
OR-087723,Received wrong quantity
OR-060407,Poor customer service
OR-103977,Received wrong quantity
OR-100851,Received wrong quantity
OR-100853,Damaged item
OR-107881,No longer needed
OR-105665,Better price found elsewhere
OR-073796,Product no longer wanted
OR-041665,No longer needed
OR-105647,Damaged item
OR-093854,Delayed delivery
OR-046462,Changed mind
OR-079481,Poor customer service
OR-110679,No longer needed
OR-118028,Damaged item
OR-123606,Better price found elsewhere
OR-082125,Poor customer service
OR-041149,Item not as described
OR-050568,Better price found elsewhere
OR-087271,Changed mind
OR-013120,Damaged item
OR-035933,Poor customer service
OR-103884,Delayed delivery
OR-098090,Product no longer wanted
OR-027340,Product no longer wanted
OR-089689,Incorrect item shipped
OR-077026,Damaged item
OR-064022,Incorrect item shipped
OR-082702,Incorrect item shipped
OR-115286,No longer needed
OR-089409,Damaged item
OR-105869,Product no longer wanted
OR-084639,Damaged item
OR-028074,Poor customer service
OR-017759,Product no longer wanted
OR-060145,Received wrong quantity
OR-069387,Incorrect item shipped
OR-057550,Poor customer service
OR-111163,Delayed delivery
OR-123193,Delayed delivery
OR-039661,Received wrong quantity
OR-028657,Changed mind
OR-047374,Changed mind
OR-073374,Product no longer wanted
OR-098173,Damaged item
OR-099213,Changed mind
OR-110765,No longer needed
OR-071058,Item not as described
OR-080639,Damaged item
OR-097153,Changed mind
OR-042341,Received wrong quantity
OR-090326,Better price found elsewhere
OR-081045,Product no longer wanted
OR-000464,Product no longer wanted
OR-029046,No longer needed
OR-015198,Incorrect item shipped
OR-099088,Received wrong quantity
OR-074835,Product no longer wanted
OR-080130,Incorrect item shipped
OR-043466,Delayed delivery
OR-037310,Item not as described
OR-006283,Poor customer service
OR-108131,Delayed delivery
OR-064908,Delayed delivery
OR-110706,Poor customer service
OR-094045,Product no longer wanted
OR-041453,Better price found elsewhere
OR-115978,Product no longer wanted
OR-069720,No longer needed
OR-005218,Better price found elsewhere
OR-125228,Incorrect item shipped
OR-007907,Product no longer wanted
OR-016411,Damaged item
OR-068911,Delayed delivery
OR-052354,Item not as described
OR-021635,Incorrect item shipped
OR-125807,Product no longer wanted
OR-031154,Changed mind
OR-018968,Received wrong quantity
OR-070408,Changed mind
OR-046893,Poor customer service
OR-065801,Damaged item
OR-039753,Better price found elsewhere
OR-004870,Item not as described
OR-035705,Better price found elsewhere
OR-086214,Product no longer wanted
OR-034068,Delayed delivery
OR-106926,Item not as described
OR-084631,Received wrong quantity
OR-050415,Poor customer service
OR-084301,Damaged item
OR-100156,No longer needed
OR-111989,Product no longer wanted
OR-057078,Delayed delivery
OR-026840,Better price found elsewhere
OR-105466,Product no longer wanted
OR-111434,Better price found elsewhere
OR-115221,Damaged item
OR-011665,Incorrect item shipped
OR-016033,No longer needed
OR-014906,Product no longer wanted
OR-029096,Changed mind
OR-049295,Delayed delivery
OR-109343,Delayed delivery
OR-094068,Delayed delivery
OR-112767,Damaged item
OR-116988,Poor customer service
OR-118807,Product no longer wanted
OR-049095,Delayed delivery
OR-074869,Changed mind
OR-103162,Damaged item
OR-117472,Product no longer wanted
OR-030513,Incorrect item shipped
OR-050229,Item not as described
OR-013105,Poor customer service
OR-065855,Product no longer wanted
OR-009952,Product no longer wanted
OR-009474,Changed mind
OR-032048,Poor customer service
OR-034252,No longer needed
OR-028257,No longer needed
OR-018549,Incorrect item shipped
OR-040768,Damaged item
OR-105311,Product no longer wanted
OR-045288,Changed mind
OR-080916,No longer needed
OR-102785,Delayed delivery
OR-087082,Received wrong quantity
OR-082153,Damaged item
OR-071024,Better price found elsewhere
OR-062923,Received wrong quantity
OR-055244,Poor customer service
OR-013611,Received wrong quantity
OR-048788,Received wrong quantity
OR-110289,Changed mind
OR-105414,Product no longer wanted
OR-079455,Incorrect item shipped
OR-119145,Delayed delivery
OR-093035,Changed mind
OR-064174,Product no longer wanted
OR-025683,Delayed delivery
OR-015238,Product no longer wanted
OR-005537,Changed mind
OR-039365,No longer needed
OR-103928,Changed mind
OR-012786,Product no longer wanted
OR-124669,Incorrect item shipped
OR-078634,Damaged item
OR-079175,Changed mind
OR-113493,Incorrect item shipped
OR-048643,Item not as described
OR-013596,Item not as described
OR-072769,Delayed delivery
OR-035171,Item not as described
OR-000651,Product no longer wanted
OR-113300,Changed mind
OR-115872,No longer needed
OR-059960,Product no longer wanted
OR-004417,Delayed delivery
OR-091065,Damaged item
OR-107409,Item not as described
OR-026443,Incorrect item shipped
OR-034826,Damaged item
OR-032551,Damaged item
OR-116028,Poor customer service
OR-056658,Better price found elsewhere
OR-041238,Received wrong quantity
OR-051369,No longer needed
OR-050635,Delayed delivery
OR-005122,Incorrect item shipped
OR-025572,Received wrong quantity
OR-008028,Item not as described
OR-098252,Item not as described
OR-101489,Better price found elsewhere
OR-032791,Poor customer service
OR-062214,Incorrect item shipped
OR-085401,Delayed delivery
OR-071879,Incorrect item shipped
OR-079102,Poor customer service
OR-013240,Product no longer wanted
OR-045440,Received wrong quantity
OR-062289,Item not as described
OR-067267,Damaged item
OR-064349,Received wrong quantity
OR-021084,No longer needed
OR-018404,Poor customer service
OR-064009,Product no longer wanted
OR-017784,Delayed delivery
OR-035307,Incorrect item shipped
OR-017708,Better price found elsewhere
OR-108180,Product no longer wanted
OR-051358,Delayed delivery
OR-091850,Delayed delivery
OR-092458,Product no longer wanted
OR-070360,Received wrong quantity
OR-104093,Received wrong quantity
OR-021060,Product no longer wanted
OR-064954,Received wrong quantity
OR-031266,Item not as described
OR-060788,Better price found elsewhere
OR-024804,Changed mind
OR-112401,Product no longer wanted
OR-047626,No longer needed
OR-094271,Poor customer service
OR-069290,Delayed delivery
OR-059585,No longer needed
OR-081604,Product no longer wanted
OR-022447,Better price found elsewhere
OR-006575,Incorrect item shipped
OR-099451,Incorrect item shipped
OR-024255,Product no longer wanted
OR-047751,Poor customer service
OR-040251,Received wrong quantity
OR-023200,No longer needed
OR-019745,Damaged item
OR-094623,Delayed delivery
OR-070412,Changed mind
OR-099385,No longer needed
OR-020915,Poor customer service
OR-072505,Item not as described
OR-027705,Changed mind
OR-103173,Product no longer wanted
OR-104446,Received wrong quantity
OR-006235,Better price found elsewhere
OR-086959,Item not as described
OR-095450,No longer needed
OR-027788,Incorrect item shipped
OR-092201,Damaged item
OR-091690,Item not as described
OR-102745,Item not as described
OR-109486,Delayed delivery
OR-073124,Incorrect item shipped
OR-002369,Delayed delivery
OR-098883,Poor customer service
OR-109204,Changed mind
OR-002660,Better price found elsewhere
OR-074560,Product no longer wanted
OR-055910,No longer needed
OR-006631,Damaged item
OR-041498,Better price found elsewhere
OR-022270,Poor customer service
OR-048349,Better price found elsewhere
OR-040702,Damaged item
OR-064277,Incorrect item shipped
OR-071884,Item not as described
OR-041375,Received wrong quantity
OR-019870,Damaged item
OR-011527,Better price found elsewhere
OR-079969,No longer needed
OR-093383,Changed mind
OR-096301,Better price found elsewhere
OR-029445,Delayed delivery
OR-060193,Delayed delivery
OR-075409,Better price found elsewhere
OR-051576,Better price found elsewhere
OR-034070,Poor customer service
OR-085858,Changed mind
OR-011092,Changed mind
OR-056597,Incorrect item shipped
OR-090668,Poor customer service
OR-092286,Poor customer service
OR-037462,Received wrong quantity
OR-009630,Changed mind
OR-111090,Better price found elsewhere
OR-020485,Incorrect item shipped
OR-085644,Product no longer wanted
OR-077817,Product no longer wanted
OR-022935,Incorrect item shipped
OR-058756,Received wrong quantity
OR-059669,No longer needed
OR-047937,No longer needed
OR-076581,Better price found elsewhere
OR-041821,Product no longer wanted
OR-075440,Received wrong quantity
OR-064879,No longer needed
OR-119090,Delayed delivery
OR-089044,Delayed delivery
OR-051993,Incorrect item shipped
OR-006926,Product no longer wanted
OR-089034,Better price found elsewhere
OR-086859,Poor customer service
OR-076915,Damaged item
OR-104991,Poor customer service
OR-118350,Incorrect item shipped
OR-087103,Delayed delivery
OR-087480,Received wrong quantity
OR-029280,Changed mind
OR-120042,Poor customer service
OR-091244,Poor customer service
OR-114928,Damaged item
OR-115775,Delayed delivery
OR-039271,Received wrong quantity
OR-002992,Changed mind
OR-026463,Product no longer wanted
OR-057059,Received wrong quantity
OR-037669,No longer needed
OR-004852,Product no longer wanted
OR-078013,Incorrect item shipped
OR-003831,Incorrect item shipped
OR-009404,Poor customer service
OR-003365,Changed mind
OR-072684,Damaged item
OR-018201,Item not as described
OR-025554,Changed mind
OR-045061,Poor customer service
OR-019938,Product no longer wanted
OR-031238,Delayed delivery
OR-073931,Incorrect item shipped
OR-090571,Better price found elsewhere
OR-026541,Better price found elsewhere
OR-058586,Poor customer service
OR-065858,Item not as described
OR-065718,Changed mind
OR-007941,Item not as described
OR-033384,Incorrect item shipped
OR-002241,Changed mind
OR-015838,Item not as described
OR-114086,Received wrong quantity
OR-003756,Better price found elsewhere
OR-098790,Item not as described
OR-037710,No longer needed
OR-051318,Product no longer wanted
OR-098816,No longer needed
OR-021519,Item not as described
OR-109514,Poor customer service
OR-116654,Damaged item
OR-043524,Received wrong quantity
OR-108909,Product no longer wanted
OR-081964,Damaged item
OR-094778,Item not as described
OR-016345,Poor customer service
OR-085567,Item not as described
OR-020997,Product no longer wanted
OR-069033,Incorrect item shipped
OR-067726,Item not as described
OR-010432,Changed mind
OR-060626,Better price found elsewhere
OR-057503,Damaged item
OR-008197,Received wrong quantity
OR-002811,Received wrong quantity
OR-079213,Better price found elsewhere
OR-098254,Damaged item
OR-012827,No longer needed
OR-005762,Incorrect item shipped
OR-038678,Changed mind
OR-070603,Incorrect item shipped
OR-004693,No longer needed
OR-032611,Incorrect item shipped
OR-075540,No longer needed
OR-010950,Item not as described
OR-102453,Delayed delivery
OR-079740,Delayed delivery
OR-092880,Delayed delivery
OR-009241,Delayed delivery
OR-089242,Received wrong quantity
OR-056726,Better price found elsewhere
OR-031134,Received wrong quantity
OR-092615,Changed mind
OR-032637,Poor customer service
OR-099390,Better price found elsewhere
OR-069366,Damaged item
OR-071576,Incorrect item shipped
OR-000001,Incorrect item shipped
OR-023179,No longer needed
OR-102323,Product no longer wanted
OR-090373,Delayed delivery
OR-078436,Product no longer wanted
OR-014608,Product no longer wanted
OR-098297,Poor customer service
OR-022712,Received wrong quantity
OR-115433,No longer needed
OR-018390,Damaged item
OR-079646,Changed mind
OR-122552,Item not as described
OR-038906,Received wrong quantity
OR-041411,Poor customer service
OR-044719,Received wrong quantity
OR-085917,Received wrong quantity
OR-005800,Incorrect item shipped
OR-090295,Better price found elsewhere
OR-000516,Better price found elsewhere
OR-040207,Product no longer wanted
OR-050062,Item not as described
OR-017736,Item not as described
OR-006462,Item not as described
OR-004353,Changed mind
OR-049114,Changed mind
OR-060155,Changed mind
OR-032732,Item not as described
OR-042961,Changed mind
OR-089100,Product no longer wanted
OR-118082,Damaged item
OR-067564,Delayed delivery
OR-001941,Delayed delivery
OR-115051,Received wrong quantity
OR-053526,Better price found elsewhere
OR-090828,No longer needed
OR-115761,Received wrong quantity
OR-088245,Product no longer wanted
OR-117017,Poor customer service
OR-002069,Product no longer wanted
OR-036153,Received wrong quantity
OR-022099,Changed mind
OR-077748,Item not as described
OR-044875,Product no longer wanted
OR-062980,Item not as described
OR-060851,Better price found elsewhere
OR-003278,Delayed delivery
OR-043852,Changed mind
OR-006325,Incorrect item shipped
OR-056888,Incorrect item shipped
OR-098156,Changed mind
OR-098224,No longer needed
OR-058940,Damaged item
OR-057277,Better price found elsewhere
OR-032925,Delayed delivery
OR-051184,Changed mind
OR-058936,Received wrong quantity
OR-076372,Product no longer wanted
OR-025433,Product no longer wanted
OR-090243,Damaged item
OR-081515,Received wrong quantity
OR-002140,Better price found elsewhere
OR-065183,Item not as described
OR-096240,Incorrect item shipped
OR-044033,Changed mind
OR-006809,No longer needed
OR-042123,Product no longer wanted
OR-038815,Received wrong quantity
OR-101235,Received wrong quantity
OR-073220,Changed mind
OR-013280,Incorrect item shipped
OR-052874,No longer needed
OR-069119,Product no longer wanted
OR-060549,No longer needed
OR-043479,Changed mind
OR-003513,Better price found elsewhere
OR-019503,Better price found elsewhere
OR-048315,Item not as described
OR-094916,Incorrect item shipped
OR-123827,Better price found elsewhere
OR-103385,No longer needed
OR-050272,Received wrong quantity
OR-019572,Delayed delivery
OR-120981,Changed mind
OR-072735,Damaged item
OR-088178,Received wrong quantity
OR-117032,Item not as described
OR-035520,Item not as described
OR-057842,Damaged item
OR-117913,Changed mind
OR-043981,Poor customer service
OR-044067,Incorrect item shipped
OR-084491,Damaged item
OR-089758,Better price found elsewhere
OR-115664,Received wrong quantity
OR-052799,Changed mind
OR-014606,No longer needed
OR-066878,Better price found elsewhere
OR-028714,Poor customer service
OR-103271,Received wrong quantity
OR-012872,Received wrong quantity
OR-014513,Damaged item
OR-025756,Better price found elsewhere
OR-073821,Delayed delivery
OR-029109,Incorrect item shipped
OR-078835,Item not as described
OR-032337,Received wrong quantity
OR-073773,No longer needed
OR-089761,Changed mind
OR-054571,Damaged item
OR-107656,Received wrong quantity
OR-023184,Damaged item
OR-011704,Item not as described
OR-009974,Delayed delivery
OR-025370,Product no longer wanted
OR-090509,No longer needed
OR-090172,Poor customer service
OR-044913,Changed mind
OR-050386,Damaged item
OR-110502,Delayed delivery
OR-051447,Item not as described
OR-110404,Changed mind
OR-118470,Better price found elsewhere
OR-071913,Better price found elsewhere
OR-120174,Poor customer service
OR-012990,Poor customer service
OR-014225,No longer needed
OR-073064,Poor customer service
OR-111429,Changed mind
OR-009197,Poor customer service
OR-007443,Received wrong quantity
OR-107417,Incorrect item shipped
OR-073653,Better price found elsewhere
OR-110887,Poor customer service
OR-081272,Product no longer wanted
OR-113302,Received wrong quantity
OR-125757,Item not as described
OR-032737,Received wrong quantity
OR-001209,Product no longer wanted
OR-070458,Better price found elsewhere
OR-100027,Delayed delivery
